Indicator,Year,Amount,Category
Equity Share Capital,2026,362.0,Equity
Total Share Capital,2026,362.0,Equity
Reserves and Surplus,2026,106878.0,Equity
Total Reserves and Surplus,2026,106878.0,Equity
Minority Interest,2026,1238.0,Other
Long Term Borrowings,2026,0.0,Borrowings
Long Term Provisions,2026,0.0,Liabilities
Short Term Borrowings,2026,0.0,Borrowings
Trade Payables,2026,14808.0,Liabilities
Short Term Provisions,2026,1378.0,Liabilities
Capital Work-In-Progress,2026,2665.0,Other
Long Term Loans And Advances,2026,775.0,Borrowings
Inventories,2026,29.0,Other
Trade Receivables,2026,67714.0,Assets
Cash And Cash Equivalents,2026,12908.0,Assets
Short Term Loans And Advances,2026,1659.0,Borrowings
Bonus Equity Share Capital,2026,330.69,Equity
Equity Share Capital,2025,362.0,Equity
Total Share Capital,2025,362.0,Equity
Reserves and Surplus,2025,94394.0,Equity
Total Reserves and Surplus,2025,94394.0,Equity
Minority Interest,2025,1015.0,Other
Long Term Borrowings,2025,0.0,Borrowings
Long Term Provisions,2025,0.0,Liabilities
Short Term Borrowings,2025,0.0,Borrowings
Trade Payables,2025,13909.0,Liabilities
Short Term Provisions,2025,180.0,Liabilities
Capital Work-In-Progress,2025,1546.0,Other
Long Term Loans And Advances,2025,25.0,Borrowings
Inventories,2025,21.0,Other
Trade Receivables,2025,59046.0,Assets
Cash And Cash Equivalents,2025,15463.0,Assets
Short Term Loans And Advances,2025,9.0,Borrowings
Bonus Equity Share Capital,2025,330.69,Equity
Equity Share Capital,2024,362.0,Equity
Total Share Capital,2024,362.0,Equity
Reserves and Surplus,2024,90127.0,Equity
Total Reserves and Surplus,2024,90127.0,Equity
Minority Interest,2024,830.0,Other
Long Term Borrowings,2024,0.0,Borrowings
Long Term Provisions,2024,0.0,Liabilities
Short Term Borrowings,2024,0.0,Borrowings
Trade Payables,2024,9981.0,Liabilities
Short Term Provisions,2024,140.0,Liabilities
Capital Work-In-Progress,2024,1564.0,Other
Long Term Loans And Advances,2024,2.0,Borrowings
Inventories,2024,28.0,Other
Trade Receivables,2024,53577.0,Assets
Cash And Cash Equivalents,2024,13286.0,Assets
Short Term Loans And Advances,2024,491.0,Borrowings
Bonus Equity Share Capital,2024,330.69,Equity
Equity Share Capital,2023,366.0,Equity
Total Share Capital,2023,366.0,Equity
Reserves and Surplus,2023,90058.0,Equity
Total Reserves and Surplus,2023,90058.0,Equity
Minority Interest,2023,782.0,Other
Long Term Borrowings,2023,0.0,Borrowings
Long Term Provisions,2023,0.0,Liabilities
Short Term Borrowings,2023,0.0,Borrowings
Trade Payables,2023,10515.0,Liabilities
Short Term Provisions,2023,345.0,Liabilities
Capital Work-In-Progress,2023,1234.0,Other
Long Term Loans And Advances,2023,173.0,Borrowings
Inventories,2023,28.0,Other
Trade Receivables,2023,49954.0,Assets
Cash And Cash Equivalents,2023,11032.0,Assets
Short Term Loans And Advances,2023,1325.0,Borrowings
Bonus Equity Share Capital,2023,334.35,Equity
Equity Share Capital,2022,366.0,Equity
Total Share Capital,2022,366.0,Equity
Reserves and Surplus,2022,88773.0,Equity
Total Reserves and Surplus,2022,88773.0,Equity
Minority Interest,2022,707.0,Other
Long Term Borrowings,2022,0.0,Borrowings
Long Term Provisions,2022,0.0,Liabilities
Short Term Borrowings,2022,0.0,Borrowings
Trade Payables,2022,8045.0,Liabilities
Short Term Provisions,2022,1411.0,Liabilities
Capital Work-In-Progress,2022,1205.0,Other
Long Term Loans And Advances,2022,311.0,Borrowings
Inventories,2022,20.0,Other
Trade Receivables,2022,34074.0,Assets
Cash And Cash Equivalents,2022,18221.0,Assets
Short Term Loans And Advances,2022,6445.0,Borrowings
Bonus Equity Share Capital,2022,334.35,Equity
Equity Share Capital,2021,370.0,Equity
Total Share Capital,2021,370.0,Equity
Reserves and Surplus,2021,86063.0,Equity
Total Reserves and Surplus,2021,86063.0,Equity
Minority Interest,2021,675.0,Other
Long Term Borrowings,2021,0.0,Borrowings
Long Term Provisions,2021,0.0,Liabilities
Short Term Borrowings,2021,0.0,Borrowings
Trade Payables,2021,7860.0,Liabilities
Short Term Provisions,2021,1394.0,Liabilities
Capital Work-In-Progress,2021,926.0,Other
Long Term Loans And Advances,2021,29.0,Borrowings
Inventories,2021,8.0,Other
Trade Receivables,2021,30079.0,Assets
Cash And Cash Equivalents,2021,9329.0,Assets
Short Term Loans And Advances,2021,11472.0,Borrowings
Bonus Equity Share Capital,2021,338.01,Equity
Equity Share Capital,2020,375.0,Equity
Total Share Capital,2020,375.0,Equity
Reserves and Surplus,2020,83751.0,Equity
Total Reserves and Surplus,2020,83751.0,Equity
Minority Interest,2020,623.0,Other
Long Term Borrowings,2020,0.0,Borrowings
Long Term Provisions,2020,0.0,Liabilities
Short Term Borrowings,2020,0.0,Borrowings
Trade Payables,2020,6740.0,Liabilities
Short Term Provisions,2020,293.0,Liabilities
Capital Work-In-Progress,2020,906.0,Other
Long Term Loans And Advances,2020,29.0,Borrowings
Inventories,2020,5.0,Other
Trade Receivables,2020,30532.0,Assets
Cash And Cash Equivalents,2020,9666.0,Assets
Short Term Loans And Advances,2020,8475.0,Borrowings
Bonus Equity Share Capital,2020,342.58,Equity
Equity Share Capital,2019,375.0,Equity
Total Share Capital,2019,375.0,Equity
Reserves and Surplus,2019,89071.0,Equity
Total Reserves and Surplus,2019,89071.0,Equity
Minority Interest,2019,453.0,Other
Long Term Borrowings,2019,44.0,Borrowings
Long Term Provisions,2019,0.0,Liabilities
Short Term Borrowings,2019,0.0,Borrowings
Trade Payables,2019,6292.0,Liabilities
Short Term Provisions,2019,239.0,Liabilities
Capital Work-In-Progress,2019,963.0,Other
Long Term Loans And Advances,2019,60.0,Borrowings
Inventories,2019,10.0,Other
Trade Receivables,2019,27346.0,Assets
Cash And Cash Equivalents,2019,12848.0,Assets
Short Term Loans And Advances,2019,8029.0,Borrowings
Bonus Equity Share Capital,2019,342.58,Equity
Equity Share Capital,2018,191.0,Equity
Total Share Capital,2018,191.0,Equity
Reserves and Surplus,2018,84937.0,Equity
Total Reserves and Surplus,2018,84937.0,Equity
Minority Interest,2018,402.0,Other
Long Term Borrowings,2018,54.0,Borrowings
Long Term Provisions,2018,26.0,Liabilities
Short Term Borrowings,2018,181.0,Borrowings
Trade Payables,2018,5094.0,Liabilities
Short Term Provisions,2018,240.0,Liabilities
Capital Work-In-Progress,2018,1278.0,Other
Long Term Loans And Advances,2018,1975.0,Borrowings
Inventories,2018,26.0,Other
Trade Receivables,2018,24943.0,Assets
Cash And Cash Equivalents,2018,7161.0,Assets
Short Term Loans And Advances,2018,3205.0,Borrowings
Bonus Equity Share Capital,2018,151.15,Equity
Equity Share Capital,2017,197.0,Equity
Total Share Capital,2017,197.0,Equity
Reserves and Surplus,2017,86017.0,Equity
Total Reserves and Surplus,2017,86017.0,Equity
Minority Interest,2017,366.0,Other
Long Term Borrowings,2017,71.0,Borrowings
Long Term Provisions,2017,39.0,Liabilities
Short Term Borrowings,2017,200.0,Borrowings
Trade Payables,2017,4905.0,Liabilities
Short Term Provisions,2017,66.0,Liabilities
Capital Work-In-Progress,2017,1541.0,Other
Long Term Loans And Advances,2017,9.0,Borrowings
Inventories,2017,21.0,Other
Trade Receivables,2017,22617.0,Assets
Cash And Cash Equivalents,2017,4149.0,Assets
Short Term Loans And Advances,2017,2909.0,Borrowings
Bonus Equity Share Capital,2017,155.9,Equity
Equity Share Capital,2016,197.0,Equity
Total Share Capital,2016,197.0,Equity
Reserves and Surplus,2016,70875.0,Equity
Total Reserves and Surplus,2016,70875.0,Equity
Minority Interest,2016,355.0,Other
Long Term Borrowings,2016,83.0,Borrowings
Long Term Provisions,2016,40.0,Liabilities
Short Term Borrowings,2016,113.0,Borrowings
Trade Payables,2016,7541.0,Liabilities
Short Term Provisions,2016,115.0,Liabilities
Capital Work-In-Progress,2016,1670.0,Other
Long Term Loans And Advances,2016,2472.0,Borrowings
Inventories,2016,16.0,Other
Trade Receivables,2016,24073.0,Assets
Cash And Cash Equivalents,2016,6788.0,Assets
Short Term Loans And Advances,2016,2743.0,Borrowings
Bonus Equity Share Capital,2016,155.9,Equity
Equity Share Capital,2015,195.87,Equity
Total Share Capital,2015,195.87,Equity
Reserves and Surplus,2015,50438.89,Equity
Total Reserves and Surplus,2015,50438.89,Equity
Minority Interest,2015,1127.76,Other
Long Term Borrowings,2015,114.27,Borrowings
Long Term Provisions,2015,297.87,Liabilities
Short Term Borrowings,2015,185.56,Borrowings
Trade Payables,2015,8830.93,Liabilities
Short Term Provisions,2015,7655.16,Liabilities
Capital Work-In-Progress,2015,2766.37,Other
Long Term Loans And Advances,2015,9154.92,Borrowings
Inventories,2015,16.07,Other
Trade Receivables,2015,20437.94,Assets
Cash And Cash Equivalents,2015,18556.04,Assets
Short Term Loans And Advances,2015,4146.45,Borrowings
Bonus Equity Share Capital,2015,155.9,Equity
Equity Share Capital,2014,195.87,Equity
Total Share Capital,2014,195.87,Equity
Reserves and Surplus,2014,48998.89,Equity
Total Reserves and Surplus,2014,48998.89,Equity
Minority Interest,2014,707.99,Other
Long Term Borrowings,2014,127.26,Borrowings
Long Term Provisions,2014,385.59,Liabilities
Short Term Borrowings,2014,127.09,Borrowings
Trade Payables,2014,5536.02,Liabilities
Short Term Provisions,2014,6385.96,Liabilities
Capital Work-In-Progress,2014,3168.48,Other
Long Term Loans And Advances,2014,7286.62,Borrowings
Inventories,2014,15.21,Other
Trade Receivables,2014,18230.4,Assets
Cash And Cash Equivalents,2014,14441.84,Assets
Short Term Loans And Advances,2014,4310.8,Borrowings
Bonus Equity Share Capital,2014,155.9,Equity
Equity Share Capital,2013,195.72,Equity
Total Share Capital,2013,295.72,Equity
Reserves and Surplus,2013,38350.01,Equity
Total Reserves and Surplus,2013,38350.01,Equity
Minority Interest,2013,695.31,Other
Long Term Borrowings,2013,130.98,Borrowings
Long Term Provisions,2013,348.92,Liabilities
Short Term Borrowings,2013,80.02,Borrowings
Trade Payables,2013,4447.81,Liabilities
Short Term Provisions,2013,4233.46,Liabilities
Capital Work-In-Progress,2013,1895.36,Other
Long Term Loans And Advances,2013,5234.13,Borrowings
Inventories,2013,21.15,Other
Trade Receivables,2013,14076.56,Assets
Cash And Cash Equivalents,2013,6769.16,Assets
Short Term Loans And Advances,2013,5821.36,Borrowings
Bonus Equity Share Capital,2013,155.9,Equity
Equity Share Capital,2012,195.72,Equity
Total Share Capital,2012,295.72,Equity
Reserves and Surplus,2012,29283.51,Equity
Total Reserves and Surplus,2012,29283.51,Equity
Minority Interest,2012,558.77,Other
Long Term Borrowings,2012,115.37,Borrowings
Long Term Provisions,2012,217.65,Liabilities
Short Term Borrowings,2012,0.89,Borrowings
Trade Payables,2012,3250.78,Liabilities
Short Term Provisions,2012,4727.14,Liabilities
Capital Work-In-Progress,2012,1446.37,Other
Long Term Loans And Advances,2012,4479.68,Borrowings
Inventories,2012,17.77,Other
Trade Receivables,2012,11520.35,Assets
Cash And Cash Equivalents,2012,5813.08,Assets
Short Term Loans And Advances,2012,2229.14,Borrowings
Bonus Equity Share Capital,2012,155.9,Equity
Equity Share Capital,2011,195.72,Equity
Total Share Capital,2011,295.72,Equity
Reserves and Surplus,2011,24209.09,Equity
Total Reserves and Surplus,2011,24209.09,Equity
Minority Interest,2011,458.17,Other
Long Term Borrowings,2011,37.7,Borrowings
Long Term Provisions,2011,139.23,Liabilities
Short Term Borrowings,2011,31.57,Borrowings
Trade Payables,2011,2572.33,Liabilities
Short Term Provisions,2011,2718.93,Liabilities
Capital Work-In-Progress,2011,1193.89,Other
Long Term Loans And Advances,2011,2953.44,Borrowings
Inventories,2011,22.82,Other
Trade Receivables,2011,8194.97,Assets
Cash And Cash Equivalents,2011,4700.85,Assets
Short Term Loans And Advances,2011,1966.64,Borrowings
Bonus Equity Share Capital,2011,155.9,Equity
Equity Share Capital,2010,195.72,Equity
Total Share Capital,2010,295.72,Equity
Reserves and Surplus,2010,18171.0,Equity
Total Reserves and Surplus,2010,18171.0,Equity
Minority Interest,2010,361.71,Other
Long Term Borrowings,2010,44.94,Borrowings
Long Term Provisions,2010,0.0,Liabilities
Short Term Borrowings,2010,58.31,Borrowings
Trade Payables,2010,2977.73,Liabilities
Short Term Provisions,2010,4300.07,Liabilities
Capital Work-In-Progress,2010,1017.37,Other
Long Term Loans And Advances,2010,0.0,Borrowings
Inventories,2010,17.79,Other
Trade Receivables,2010,5855.41,Assets
Cash And Cash Equivalents,2010,4718.59,Assets
Short Term Loans And Advances,2010,5197.09,Borrowings
Bonus Equity Share Capital,2010,155.9,Equity
Equity Share Capital,2009,97.86,Equity
Total Share Capital,2009,197.86,Equity
Reserves and Surplus,2009,15502.15,Equity
Total Reserves and Surplus,2009,15502.15,Equity
Minority Interest,2009,277.16,Other
Long Term Borrowings,2009,561.76,Borrowings
Long Term Provisions,2009,0.0,Liabilities
Short Term Borrowings,2009,1.45,Borrowings
Trade Payables,2009,2114.37,Liabilities
Short Term Provisions,2009,1726.57,Liabilities
Capital Work-In-Progress,2009,705.49,Other
Long Term Loans And Advances,2009,0.0,Borrowings
Inventories,2009,36.6,Other
Trade Receivables,2009,6022.88,Assets
Cash And Cash Equivalents,2009,2698.14,Assets
Short Term Loans And Advances,2009,4765.98,Borrowings
Bonus Equity Share Capital,2009,58.04,Equity
Equity Share Capital,2008,97.86,Equity
Total Share Capital,2008,197.86,Equity
Reserves and Surplus,2008,12102.26,Equity
Total Reserves and Surplus,2008,12102.26,Equity
Minority Interest,2008,212.73,Other
Long Term Borrowings,2008,445.75,Borrowings
Long Term Provisions,2008,0.0,Liabilities
Short Term Borrowings,2008,9.27,Borrowings
Trade Payables,2008,1887.94,Liabilities
Short Term Provisions,2008,1286.61,Liabilities
Capital Work-In-Progress,2008,906.87,Other
Long Term Loans And Advances,2008,0.0,Borrowings
Inventories,2008,42.43,Other
Trade Receivables,2008,5378.07,Assets
Cash And Cash Equivalents,2008,1223.4,Assets
Short Term Loans And Advances,2008,3386.6,Borrowings
Bonus Equity Share Capital,2008,58.04,Equity
Equity Share Capital,2007,97.86,Equity
Total Share Capital,2007,97.86,Equity
Reserves and Surplus,2007,8752.24,Equity
Total Reserves and Surplus,2007,8752.24,Equity
Minority Interest,2007,211.8,Other
Long Term Borrowings,2007,447.23,Borrowings
Long Term Provisions,2007,0.0,Liabilities
Short Term Borrowings,2007,59.52,Borrowings
Trade Payables,2007,1329.61,Liabilities
Short Term Provisions,2007,1023.66,Liabilities
Capital Work-In-Progress,2007,793.04,Other
Long Term Loans And Advances,2007,0.0,Borrowings
Inventories,2007,41.6,Other
Trade Receivables,2007,4297.93,Assets
Cash And Cash Equivalents,2007,1396.45,Assets
Short Term Loans And Advances,2007,2090.58,Borrowings
Bonus Equity Share Capital,2007,58.04,Equity
Equity Share Capital,2006,48.93,Equity
Total Share Capital,2006,48.93,Equity
Reserves and Surplus,2006,5949.88,Equity
Total Reserves and Surplus,2006,5949.88,Equity
Minority Interest,2006,164.72,Other
Long Term Borrowings,2006,26.03,Borrowings
Long Term Provisions,2006,0.0,Liabilities
Short Term Borrowings,2006,90.66,Borrowings
Trade Payables,2006,1023.41,Liabilities
Short Term Provisions,2006,571.63,Liabilities
Capital Work-In-Progress,2006,708.96,Other
Long Term Loans And Advances,2006,0.0,Borrowings
Inventories,2006,80.64,Other
Trade Receivables,2006,3253.13,Assets
Cash And Cash Equivalents,2006,432.38,Assets
Short Term Loans And Advances,2006,1408.63,Borrowings
Bonus Equity Share Capital,2006,9.11,Equity
Equity Share Capital,2005,48.01,Equity
Total Share Capital,2005,48.01,Equity
Reserves and Surplus,2005,3429.53,Equity
Total Reserves and Surplus,2005,3429.53,Equity
Minority Interest,2005,89.74,Other
Long Term Borrowings,2005,10.28,Borrowings
Long Term Provisions,2005,0.0,Liabilities
Short Term Borrowings,2005,192.73,Borrowings
Trade Payables,2005,662.62,Liabilities
Short Term Provisions,2005,548.35,Liabilities
Capital Work-In-Progress,2005,124.05,Other
Long Term Loans And Advances,2005,0.0,Borrowings
Inventories,2005,32.0,Other
Trade Receivables,2005,2060.55,Assets
Cash And Cash Equivalents,2005,274.69,Assets
Short Term Loans And Advances,2005,883.39,Borrowings
Bonus Equity Share Capital,2005,9.11,Equity
Equity Share Capital,2004,36.44,Equity
Total Share Capital,2004,36.44,Equity
Reserves and Surplus,2004,10.64,Equity
Total Reserves and Surplus,2004,10.64,Equity
Minority Interest,2004,80.07,Other
Long Term Borrowings,2004,441.18,Borrowings
Long Term Provisions,2004,0.0,Liabilities
Short Term Borrowings,2004,0.0,Borrowings
Trade Payables,2004,0.0,Liabilities
Short Term Provisions,2004,17.58,Liabilities
Capital Work-In-Progress,2004,2.07,Other
Long Term Loans And Advances,2004,0.0,Borrowings
Inventories,2004,18.48,Other
Trade Receivables,2004,186.49,Assets
Cash And Cash Equivalents,2004,27.77,Assets
Short Term Loans And Advances,2004,147.63,Borrowings
Bonus Equity Share Capital,2004,0.0,Equity
